{"cameraMode":{"drawMode":0,"name":"Shaded","section":"Shading Mode"},"sceneLighting":false,"audioPlay":false,"sceneViewState":{"m_AlwaysRefresh":false,"showFog":true,"showSkybox":false,"showFlares":true,"showImageEffects":true,"showParticleSystems":true,"showVisualEffectGraphs":true,"m_FxEnabled":true},"in2DMode":false,"pivot":{"x":2.317093849182129,"y":1.0635619163513184,"z":2.5672550201416017},"rotation":{"x":0.03893985599279404,"y":-0.27372729778289797,"z":0.011091893538832665,"w":0.960953950881958},"size":11.886786460876465,"orthographic":false}