{"cameraMode":{"drawMode":0,"name":"Shaded","section":"Shading Mode"},"sceneLighting":true,"audioPlay":false,"sceneViewState":{"m_AlwaysRefresh":false,"showFog":true,"showSkybox":true,"showFlares":true,"showImageEffects":true,"showParticleSystems":true,"showVisualEffectGraphs":true,"m_FxEnabled":true},"in2DMode":false,"pivot":{"x":511.7003479003906,"y":397.3612976074219,"z":105.22593688964844},"rotation":{"x":0.1552930772304535,"y":-0.13879390060901643,"z":0.022042609751224519,"w":0.9778212904930115},"size":352.52703857421877,"orthographic":false}