{"cameraMode":{"drawMode":0,"name":"Shaded","section":"Shading Mode"},"sceneLighting":true,"audioPlay":false,"sceneViewState":{"m_AlwaysRefresh":false,"showFog":true,"showSkybox":true,"showFlares":true,"showImageEffects":true,"showParticleSystems":true,"showVisualEffectGraphs":true,"m_FxEnabled":true},"in2DMode":false,"pivot":{"x":-8.153450012207032,"y":0.0821685791015625,"z":77.14460754394531},"rotation":{"x":0.21886466443538667,"y":-0.6718418598175049,"z":0.21847157180309297,"w":0.6730493307113648},"size":44.736595153808597,"orthographic":true}