{"cameraMode":{"drawMode":0,"name":"Shaded","section":"Shading Mode"},"sceneLighting":true,"audioPlay":false,"sceneViewState":{"m_AlwaysRefresh":false,"showFog":true,"showSkybox":true,"showFlares":true,"showImageEffects":true,"showParticleSystems":true,"showVisualEffectGraphs":true,"m_FxEnabled":true},"in2DMode":false,"pivot":{"x":56.724037170410159,"y":-48.738372802734378,"z":96.49906158447266},"rotation":{"x":0.3217404782772064,"y":-0.6264188289642334,"z":0.31733179092407229,"w":0.6351214051246643},"size":116.47340393066406,"orthographic":false}